{"nodes":{"node:1":{"location":{"x":0,"y":0}}},"selection":["node:1"],"view":{"scroll":{"x":-210.53729248046875,"y":-375.91656494140625},"zoom":1.5}}